"","Entry","Entry.name","Status","Protein.names","Gene.names","Organism","Length","Tissue.specificity","Induction","Developmental.stage"
"1","Q9Z223","MOC2B_MOUSE","reviewed","Molybdopterin synthase catalytic subunit (EC 2.8.1.12) (Molybdenum cofactor synthesis protein 2 large subunit) (Molybdenum cofactor synthesis protein 2B) (MOCS2B)","Mocs2","Mus musculus (Mouse)",189,"","",""
"2","A4FUY7","MOC2B_BOVIN","reviewed","Molybdopterin synthase catalytic subunit (EC 2.8.1.12) (Molybdenum cofactor synthesis protein 2 large subunit) (Molybdenum cofactor synthesis protein 2B) (MOCS2B)","MOCS2","Bos taurus (Bovine)",189,"","",""
"3","Q6AY59","MOC2B_RAT","reviewed","Molybdopterin synthase catalytic subunit (EC 2.8.1.12) (Molybdenum cofactor synthesis protein 2 large subunit) (Molybdenum cofactor synthesis protein 2B) (MOCS2B)","Mocs2","Rattus norvegicus (Rat)",200,"","",""
"4","O96007","MOC2B_HUMAN","reviewed","Molybdopterin synthase catalytic subunit (EC 2.8.1.12) (MOCO1-B) (Molybdenum cofactor synthesis protein 2 large subunit) (Molybdenum cofactor synthesis protein 2B) (MOCS2B) (Molybdopterin-synthase large subunit) (MPT synthase large subunit)","MOCS2 MCBPE MOCO1","Homo sapiens (Human)",188,"TISSUE SPECIFICITY: Highest levels are found in heart and skeletal muscle. Lower levels are present in brain, kidney and pancreas. Very low levels are found in lung and peripheral blood leukocytes. {ECO:0000269|PubMed:10053003}.","",""
"5","Q5RA61","MOC2B_PONAB","reviewed","Molybdopterin synthase catalytic subunit (EC 2.8.1.12) (Molybdenum cofactor synthesis protein 2 large subunit) (Molybdenum cofactor synthesis protein 2B) (MOCS2B)","MOCS2","Pongo abelii (Sumatran orangutan) (Pongo pygmaeus abelii)",172,"","",""
"6","Q9BUI4","RPC3_HUMAN","reviewed","DNA-directed RNA polymerase III subunit RPC3 (RNA polymerase III subunit C3) (DNA-directed RNA polymerase III subunit C) (RNA polymerase III 62 kDa subunit) (RPC62)","POLR3C","Homo sapiens (Human)",534,"","",""
"7","Q5XIL3","RPC3_RAT","reviewed","DNA-directed RNA polymerase III subunit RPC3 (RNA polymerase III subunit C3) (DNA-directed RNA polymerase III subunit C)","Polr3c","Rattus norvegicus (Rat)",533,"","",""
"8","Q9D483","RPC3_MOUSE","reviewed","DNA-directed RNA polymerase III subunit RPC3 (RNA polymerase III subunit C3) (DNA-directed RNA polymerase III subunit C)","Polr3c","Mus musculus (Mouse)",533,"","",""
"9","Q2TBL4","RPC3_BOVIN","reviewed","DNA-directed RNA polymerase III subunit RPC3 (RNA polymerase III subunit C3) (DNA-directed RNA polymerase III subunit C)","POLR3C","Bos taurus (Bovine)",533,"","",""
"10","Q7ZUX1","RPC3_DANRE","reviewed","DNA-directed RNA polymerase III subunit RPC3 (RNA polymerase III subunit C3) (DNA-directed RNA polymerase III subunit C)","polr3c zgc:56348","Danio rerio (Zebrafish) (Brachydanio rerio)",539,"","",""
"11","P22984","AMID_RHOER","reviewed","Amidase (EC 3.5.1.4)","amdA","Rhodococcus erythropolis (Arthrobacter picolinophilus)",521,"","",""
"12","P95896","AMID_SACS2","reviewed","Amidase (EC 3.5.1.4)","SSO2122 C02016 C02_017","Saccharolobus solfataricus (strain ATCC 35092 / DSM 1617 / JCM 11322 / P2) (Sulfolobus solfataricus)",504,"","",""
"13","P27765","AMID_PSECL","reviewed","Amidase (EC 3.5.1.4)","","Pseudomonas chlororaphis (Pseudomonas aureofaciens)",506,"","",""
"14","P84650","AMID_RHORH","reviewed","Enantioselective amidase (EC 3.5.1.4)","amdA","Rhodococcus rhodochrous",517,"","INDUCTION: By aromatic and aliphatic amides. {ECO:0000269|Ref.1}.",""
"15","C4L690","GATA_EXISA","reviewed","Glutamyl-tRNA(Gln) amidotransferase subunit A (Glu-ADT subunit A) (EC 6.3.5.7)","gatA EAT1b_0993","Exiguobacterium sp. (strain ATCC BAA-1283 / AT1b)",480,"","",""
"16","Q9U8W7","TL5B_TACTR","reviewed","Techylectin-5B","","Tachypleus tridentatus (Japanese horseshoe crab)",316,"TISSUE SPECIFICITY: Hemocytes. {ECO:0000269|PubMed:10468566}.","",""
"17","Q5M8C6","FGL1_RAT","reviewed","Fibrinogen-like protein 1","Fgl1","Rattus norvegicus (Rat)",314,"","",""
"18","Q08830","FGL1_HUMAN","reviewed","Fibrinogen-like protein 1 (HP-041) (Hepassocin) (HPS) (Hepatocyte-derived fibrinogen-related protein 1) (HFREP-1) (Liver fibrinogen-related protein 1) (LFIRE-1)","FGL1 HFREP1","Homo sapiens (Human)",312,"TISSUE SPECIFICITY: Under normal conditions, liver-specific. {ECO:0000269|PubMed:11470158}.","INDUCTION: Expression is induced by interleukin-6 (IL6) (PubMed:18039467). Up-regulated in a number of cancers, such as lung cancer, prostate cancer, melanoma and colorectal cancer (PubMed:30580966). {ECO:0000269|PubMed:18039467, ECO:0000269|PubMed:30580966}.",""
"19","P57756","FCN2_RAT","reviewed","Ficolin-2 (Collagen/fibrinogen domain-containing protein 2) (Ficolin-B) (Ficolin-beta) (L-ficolin)","Fcn2 Fcnb","Rattus norvegicus (Rat)",319,"","",""
"20","O00602","FCN1_HUMAN","reviewed","Ficolin-1 (Collagen/fibrinogen domain-containing protein 1) (Ficolin-A) (Ficolin-alpha) (M-ficolin)","FCN1 FCNM","Homo sapiens (Human)",326,"TISSUE SPECIFICITY: Peripheral blood leukocytes, monocytes and granulocytes. Also detected in spleen, lung, and thymus, may be due to the presence of tissue macrophages or trapped blood in these tissues. Not detected on lymphocytes. {ECO:0000269|PubMed:20400674}.","",""
"21","Q21944","GLPK_CAEEL","reviewed","Probable glycerol kinase (GK) (Glycerokinase) (EC 2.7.1.30) (ATP:glycerol 3-phosphotransferase)","R11F4.1","Caenorhabditis elegans",502,"","",""
"22","Q0IID9","GLPK_BOVIN","reviewed","Glycerol kinase (GK) (Glycerokinase) (EC 2.7.1.30) (ATP:glycerol 3-phosphotransferase)","GK","Bos taurus (Bovine)",559,"","",""
"23","Q63060","GLPK_RAT","reviewed","Glycerol kinase (GK) (Glycerokinase) (EC 2.7.1.30) (ATP-stimulated glucocorticoid-receptor translocation promoter) (ASTP) (ATP:glycerol 3-phosphotransferase)","Gk Gyk","Rattus norvegicus (Rat)",524,"","",""
"24","Q64516","GLPK_MOUSE","reviewed","Glycerol kinase (GK) (Glycerokinase) (EC 2.7.1.30) (ATP:glycerol 3-phosphotransferase)","Gk Gyk","Mus musculus (Mouse)",559,"","",""
"25","Q14409","GLPK3_HUMAN","reviewed","Glycerol kinase 3 (GK 3) (Glycerokinase 3) (EC 2.7.1.30) (ATP:glycerol 3-phosphotransferase 3) (Glycerol kinase 3 pseudogene) (Glycerol kinase, testis specific 1)","GK3P GKP3 GKTB","Homo sapiens (Human)",553,"","",""
"26","P32189","GLPK_HUMAN","reviewed","Glycerol kinase (GK) (Glycerokinase) (EC 2.7.1.30) (ATP:glycerol 3-phosphotransferase)","GK","Homo sapiens (Human)",559,"TISSUE SPECIFICITY: Highly expressed in the liver, kidney and testis. Isoform 2 and isoform 3 are expressed specifically in testis and fetal liver, but not in the adult liver.","",""
"27","O43301","HS12A_HUMAN","reviewed","Heat shock 70 kDa protein 12A","HSPA12A KIAA0417","Homo sapiens (Human)",675,"TISSUE SPECIFICITY: Widely expressed with highest levels in brain, kidney and muscle. {ECO:0000269|PubMed:12552099}.","",""
"28","Q8K0U4","HS12A_MOUSE","reviewed","Heat shock 70 kDa protein 12A","Hspa12a Kiaa0417","Mus musculus (Mouse)",675,"TISSUE SPECIFICITY: Expressed most strongly in brain, kidney and heart with little or no expression in other tissues (PubMed:12552099). In the brain, expressed in glial cells, including astrocytes (at protein level) (PubMed:30679749). In the aorta, preferentially expressed in lesions (PubMed:12552099). {ECO:0000269|PubMed:12552099, ECO:0000269|PubMed:30679749}.","",""
"29","Q96MM6","HS12B_HUMAN","reviewed","Heat shock 70 kDa protein 12B","HSPA12B C20orf60","Homo sapiens (Human)",686,"TISSUE SPECIFICITY: Highest expression in muscle and heart. Lower levels in liver and kidney. {ECO:0000269|PubMed:12552099}.","",""
"30","Q9CZJ2","HS12B_MOUSE","reviewed","Heat shock 70 kDa protein 12B","Hspa12b","Mus musculus (Mouse)",685,"TISSUE SPECIFICITY: Expressed most strongly in heart with little or no expression in other tissues. In the aorta, preferentially expressed in lesions. {ECO:0000269|PubMed:12552099}.","",""
"31","Q9HCD6","TANC2_HUMAN","reviewed","Protein TANC2 (Tetratricopeptide repeat, ankyrin repeat and coiled-coil domain-containing protein 2)","TANC2 KIAA1148 KIAA1636","Homo sapiens (Human)",1990,"","",""
"32","A2A690","TANC2_MOUSE","reviewed","Protein TANC2 (Tetratricopeptide repeat, ankyrin repeat and coiled-coil domain-containing protein 2)","Tanc2 Kiaa1148","Mus musculus (Mouse)",1994,"","",""
"33","F1LTE0","TANC2_RAT","reviewed","Protein TANC2","Tanc2","Rattus norvegicus (Rat)",1992,"","",""
"34","Q6F6B3","TANC1_RAT","reviewed","Protein TANC1 (TPR domain, ankyrin-repeat and coiled-coil domain-containing protein 1)","Tanc1 Tanc","Rattus norvegicus (Rat)",1849,"TISSUE SPECIFICITY: Expressed in heart, lung, liver and kidney. Expressed in brain (at protein level). {ECO:0000269|PubMed:15673434}.","","DEVELOPMENTAL STAGE: Detected as early as postnatal day one with increasing expression levels through 20 weeks after birth."
"35","Q0VGY8","TANC1_MOUSE","reviewed","Protein TANC1 (Tetratricopeptide repeat, ankyrin repeat and coiled-coil domain-containing protein 1)","Tanc1","Mus musculus (Mouse)",1856,"","",""
"36","Q19UN5","CK5P2_PANTR","reviewed","CDK5 regulatory subunit-associated protein 2","CDK5RAP2","Pan troglodytes (Chimpanzee)",1893,"","",""
"37","Q96SN8","CK5P2_HUMAN","reviewed","CDK5 regulatory subunit-associated protein 2 (CDK5 activator-binding protein C48) (Centrosome-associated protein 215)","CDK5RAP2 CEP215 KIAA1633","Homo sapiens (Human)",1893,"TISSUE SPECIFICITY: Widely expressed. Expressed in heart, brain, placenta, lung, liver, skeletal muscle, kidney and pancreas. {ECO:0000269|PubMed:10721722}.","",""
"38","Q9BE52","CK5P2_MACFA","reviewed","CDK5 regulatory subunit-associated protein 2 (CDK5 activator-binding protein C48)","CDK5RAP2 QflA-15432","Macaca fascicularis (Crab-eating macaque) (Cynomolgus monkey)",862,"","",""
"39","Q8K389","CK5P2_MOUSE","reviewed","CDK5 regulatory subunit-associated protein 2 (CDK5 activator-binding protein C48)","Cdk5rap2 Kiaa1633","Mus musculus (Mouse)",1822,"TISSUE SPECIFICITY: Expressed in testis, thymus, heart and brain. {ECO:0000269|PubMed:20460369}.","","DEVELOPMENTAL STAGE: Detected in the developing cortex at 9.5 dpc. Expression peaks between 10.5 and 13.5 dpc, remains robust at 15.5 dpc and declines thereafter. This peak corresponds to periods of active neurogenesis. {ECO:0000269|PubMed:20460369, ECO:0000269|PubMed:20471352}."
"40","Q9JLH5","CK5P2_RAT","reviewed","CDK5 regulatory subunit-associated protein 2 (CDK5 activator-binding protein C48)","Cdk5rap2","Rattus norvegicus (Rat)",1903,"","",""
"41","Q5NVI3","RED_PONAB","reviewed","Protein Red (Cytokine IK) (IK factor)","IK","Pongo abelii (Sumatran orangutan) (Pongo pygmaeus abelii)",557,"","",""
"42","Q66HG8","RED_RAT","reviewed","Protein Red (Cytokine IK) (IK factor)","Ik","Rattus norvegicus (Rat)",557,"","",""
"43","Q13123","RED_HUMAN","reviewed","Protein Red (Cytokine IK) (IK factor) (Protein RER)","IK RED RER","Homo sapiens (Human)",557,"TISSUE SPECIFICITY: Ubiquitous. {ECO:0000269|PubMed:10216252}.","INDUCTION: Up-regulated during mitosis (at protein level). {ECO:0000269|PubMed:22351768}.","DEVELOPMENTAL STAGE: Expressed at similar levels in fetal and adult tissues. {ECO:0000269|PubMed:10216252}."
"44","Q9Z1M8","RED_MOUSE","reviewed","Protein Red (Cytokine IK) (IK factor) (Protein RER)","Ik Red Rer","Mus musculus (Mouse)",557,"TISSUE SPECIFICITY: Ubiquitous.","",""
"45","Q9N4U5","SMU2_CAEEL","reviewed","Smu-2 suppressor of mec-8 and unc-52 protein (RED homolog) (Suppressor of Mec and Unc defects 2)","smu-2 Y49F6B.4","Caenorhabditis elegans",547,"TISSUE SPECIFICITY: Ubiquitous. {ECO:0000269|PubMed:15254247}.","","DEVELOPMENTAL STAGE: Detected at all stages of development, during early embryogenesis and in oocytes, in larvae and adults. {ECO:0000269|PubMed:15254247}."
"46","Q6P799","SYSC_RAT","reviewed","Serine--tRNA ligase, cytoplasmic (EC 6.1.1.11) (Seryl-tRNA synthetase) (SerRS) (Seryl-tRNA(Ser/Sec) synthetase)","Sars1 Sars","Rattus norvegicus (Rat)",512,"","",""
"47","P26638","SYSC_MOUSE","reviewed","Serine--tRNA ligase, cytoplasmic (EC 6.1.1.11) (Seryl-tRNA synthetase) (SerRS) (Seryl-tRNA(Ser/Sec) synthetase)","Sars1 Sars Sers","Mus musculus (Mouse)",512,"","",""
"48","P13642","SYSC_RABIT","reviewed","Serine--tRNA ligase, cytoplasmic (EC 6.1.1.11) (62 kDa RNA-binding protein) (Seryl-tRNA synthetase) (SerRS) (Seryl-tRNA(Ser/Sec) synthetase)","SARS1 SARS SERS","Oryctolagus cuniculus (Rabbit)",514,"","",""
"49","P26636","SYSC_CRIGR","reviewed","Serine--tRNA ligase, cytoplasmic (EC 6.1.1.11) (Seryl-tRNA synthetase) (SerRS) (Seryl-tRNA(Ser/Sec) synthetase)","SARS1 SARS","Cricetulus griseus (Chinese hamster) (Cricetulus barabensis griseus)",512,"","",""
"50","Q6DRC0","SYSC_DANRE","reviewed","Serine--tRNA ligase, cytoplasmic (EC 6.1.1.11) (Seryl-tRNA synthetase) (SerRS)","sars1 sars","Danio rerio (Zebrafish) (Brachydanio rerio)",515,"","",""
"51","P06868","PLMN_BOVIN","reviewed","Plasminogen (EC 3.4.21.7) [Cleaved into: Plasmin heavy chain A; Activation peptide; Plasmin heavy chain A, short form; Plasmin light chain B]","PLG","Bos taurus (Bovine)",812,"","",""
"52","Q01177","PLMN_RAT","reviewed","Plasminogen (EC 3.4.21.7) [Cleaved into: Plasmin heavy chain A; Activation peptide; Angiostatin; Plasmin heavy chain A, short form; Plasmin light chain B]","Plg","Rattus norvegicus (Rat)",812,"","",""
"53","Q5R8X6","PLMN_PONAB","reviewed","Plasminogen (EC 3.4.21.7) [Cleaved into: Plasmin heavy chain A; Activation peptide; Plasmin heavy chain A, short form; Plasmin light chain B]","PLG","Pongo abelii (Sumatran orangutan) (Pongo pygmaeus abelii)",810,"","",""
"54","P06867","PLMN_PIG","reviewed","Plasminogen (EC 3.4.21.7) [Cleaved into: Plasmin heavy chain A; Activation peptide; Plasmin heavy chain A, short form; Plasmin light chain B]","PLG","Sus scrofa (Pig)",809,"","",""
"55","P20918","PLMN_MOUSE","reviewed","Plasminogen (EC 3.4.21.7) [Cleaved into: Plasmin heavy chain A; Activation peptide; Angiostatin; Plasmin heavy chain A, short form; Plasmin light chain B]","Plg","Mus musculus (Mouse)",812,"","",""
"56","P22031","LEG_HELCR","reviewed","D-galactoside-specific lectin (Sea urchin egg lectin) (SUEL)","","Heliocidaris crassispina (Sea urchin) (Anthocidaris crassispina)",105,"","",""
"57","C0HK23","SML_SCONI","reviewed","L-rhamnose-binding lectin SML","","Scomberomorus niphonius (Japanese Spanish mackerel) (Cybium niphonium)",201,"","",""
"58","C0HK24","ELEL_ECHLU","reviewed","L-rhamnose-binding lectin ELEL-1","","Echinometra lucunter (Rock-boring urchin)",103,"","",""
"59","P86179","CSL3_ONCKE","reviewed","L-rhamnose-binding lectin CSL3","","Oncorhynchus keta (Chum salmon) (Salmo keta)",195,"","",""
"60","Q9PVW8","SAL_SILAS","reviewed","Rhamnose-binding lectin (RBL) (Roe lectin) (SAL)","","Silurus asotus (Amur catfish) (Parasilurus asotus)",308,"TISSUE SPECIFICITY: Expressed in eggs, but not in liver.","",""
"61","B0BN95","HARB1_RAT","reviewed","Putative nuclease HARBI1 (EC 3.1.-.-) (Harbinger transposase-derived nuclease)","Harbi1","Rattus norvegicus (Rat)",349,"","",""
"62","Q071E0","KT5AA_DANRE","reviewed","N-lysine methyltransferase KMT5A-A (EC 2.1.1.-) (Histone-lysine N-methyltransferase KMT5A-A) (EC 2.1.1.361) (Lysine-specific methylase 5A-A) (SET domain-containing protein 8-A)","kmt5aa set8a setd8 setd8a zgc:153719","Danio rerio (Zebrafish) (Brachydanio rerio)",344,"","",""
"63","Q68F70","INT4_XENLA","reviewed","Integrator complex subunit 4 (Int4)","ints4","Xenopus laevis (African clawed frog)",969,"","",""
"64","O73853","CP17A_ICTPU","reviewed","Steroid 17-alpha-hydroxylase/17,20 lyase (EC 1.14.14.19) (EC 1.14.14.32) (17-alpha-hydroxyprogesterone aldolase) (CYPXVII) (Cytochrome P450 17A1) (Cytochrome P450-C17) (Cytochrome P450c17)","cyp17a1 cyp17","Ictalurus punctatus (Channel catfish) (Silurus punctatus)",514,"","",""
"65","Q6PFY8","TRI45_MOUSE","reviewed","Tripartite motif-containing protein 45","Trim45","Mus musculus (Mouse)",580,"","",""
"66","P30050","RL12_HUMAN","reviewed","60S ribosomal protein L12 (Large ribosomal subunit protein uL11)","RPL12","Homo sapiens (Human)",165,"","",""
"67","Q5ZHN4","XRP2_CHICK","reviewed","Protein XRP2","RP2 RCJMB04_35c24","Gallus gallus (Chicken)",357,"","",""
"68","Q9BTT6","LRRC1_HUMAN","reviewed","Leucine-rich repeat-containing protein 1 (LANO adapter protein) (LAP and no PDZ protein)","LRRC1 LANO","Homo sapiens (Human)",524,"TISSUE SPECIFICITY: Expressed strongly in testis and placenta, followed by heart, lung, kidney, thyroid, trachea, colon, prostate and pancreas. {ECO:0000269|PubMed:11440998}.","",""
"69","Q9QXL2","KI21A_MOUSE","reviewed","Kinesin-like protein KIF21A","Kif21a Kiaa1708","Mus musculus (Mouse)",1672,"TISSUE SPECIFICITY: Widely expressed, with highest expression in brain. {ECO:0000269|PubMed:10225949}.","",""
"70","Q80YV2","NIPA_MOUSE","reviewed","Nuclear-interacting partner of ALK (Nuclear-interacting partner of anaplastic lymphoma kinase) (mNIPA) (Zinc finger C3HC-type protein 1)","Zc3hc1 Nipa","Mus musculus (Mouse)",501,"","",""
"71","Q5ZEQ8","FJX1_XIPMA","reviewed","Four-jointed box protein 1 (Four-jointed protein homolog)","fjx1","Xiphophorus maculatus (Southern platyfish) (Platypoecilus maculatus)",427,"","",""
"72","Q5RBM1","RPN2_PONAB","reviewed","Dolichyl-diphosphooligosaccharide--protein glycosyltransferase subunit 2 (Dolichyl-diphosphooligosaccharide--protein glycosyltransferase 63 kDa subunit) (Ribophorin II) (RPN-II) (Ribophorin-2)","RPN2","Pongo abelii (Sumatran orangutan) (Pongo pygmaeus abelii)",631,"","",""
"73","B3EWZ3","CADN_ACRMI","reviewed","Coadhesin (Fragment)","","Acropora millepora (Staghorn coral) (Heteropora millepora)",1675,"TISSUE SPECIFICITY: Component of the acid-insoluble and acid-soluble organic matrix of the aragonitic skeleton (at protein level). {ECO:0000269|PubMed:23765379}.","",""
"74","F1MBP6","KLHL3_BOVIN","reviewed","Kelch-like protein 3","KLHL3","Bos taurus (Bovine)",587,"","",""
"75","Q9H0H0","INT2_HUMAN","reviewed","Integrator complex subunit 2 (Int2)","INTS2 KIAA1287","Homo sapiens (Human)",1204,"","",""
"76","Q28FE2","MED31_XENTR","reviewed","Mediator of RNA polymerase II transcription subunit 31 (Mediator complex subunit 31) (Mediator complex subunit soh1)","med31 soh1 TEgg024a05.1","Xenopus tropicalis (Western clawed frog) (Silurana tropicalis)",128,"","",""
"77","Q8AXX2","TBX1_DANRE","reviewed","T-box transcription factor TBX1 (T-box protein 1)","tbx1 zgc:136724","Danio rerio (Zebrafish) (Brachydanio rerio)",460,"TISSUE SPECIFICITY: Expressed in the ear and mesendodermal components of pharyngeal arches. {ECO:0000269|PubMed:12952905}.","","DEVELOPMENTAL STAGE: Expression first detected at 5.0 hours post fertilization (hpf) in the dorsal blastoderm margin. Through the stage of embryonic shield formation, expression is restricted to the hypoblast, in the region of cells fated to become head and lateral plate mesoderm and pharyngeal endoderm. At 18 hpf, when the heart tube is beginning to assemble, three domains of expression can be seen: cardiac precursors, pharyngeal arch precursors and otic vesicle. These three domains remain the sites of expression to varying degrees through at least 72 hpf. By 51 hpf, expression can be seen in the cardiac outflow tract, the ventricle and the atrium, although by 72 hpf cardiac expression is strongest in the cardiac outflow tract. {ECO:0000269|PubMed:12972000}."
"78","P22059","OSBP1_HUMAN","reviewed","Oxysterol-binding protein 1","OSBP OSBP1","Homo sapiens (Human)",807,"TISSUE SPECIFICITY: Widely expressed. {ECO:0000269|PubMed:11278871}.","",""
"79","Q9JMB7","PIWL1_MOUSE","reviewed","Piwi-like protein 1 (EC 3.1.26.-)","Piwil1 Miwi","Mus musculus (Mouse)",862,"TISSUE SPECIFICITY: Expressed in brain. Expressed in testis, specifically in spermatocytes (at protein level). Only detected in germ lineage cells of adult testis. Expressed in male gonads 2 weeks after birth at the initiation of spermatogenesis, but not expressed in female gonads. {ECO:0000269|PubMed:11578866, ECO:0000269|PubMed:12062093, ECO:0000269|PubMed:19377467, ECO:0000269|PubMed:19926723}.","INDUCTION: Expression is activated by MYBL1/A-MYB. {ECO:0000269|PubMed:23523368}.",""
"80","Q9UGP8","SEC63_HUMAN","reviewed","Translocation protein SEC63 homolog","SEC63 SEC63L","Homo sapiens (Human)",760,"TISSUE SPECIFICITY: Widely expressed, with high levels in the liver. {ECO:0000269|PubMed:15133510}.","",""
"81","Q66IZ5","TAD3B_XENLA","reviewed","Transcriptional adapter 3-B (ADA3 homolog B) (Transcriptional adapter 3-like B) (ADA3-like protein B)","tada3-b ada3-b tada3l-b","Xenopus laevis (African clawed frog)",432,"","",""
"82","Q5KR61","PIGV_RAT","reviewed","GPI mannosyltransferase 2 (EC 2.4.1.-) (GPI mannosyltransferase II) (GPI-MT-II) (Phosphatidylinositol-glycan biosynthesis class V protein) (PIG-V)","Pigv","Rattus norvegicus (Rat)",492,"","",""
"83","Q5ZLY5","PKHF2_CHICK","reviewed","Pleckstrin homology domain-containing family F member 2 (PH domain-containing family F member 2)","PLEKHF2 RCJMB04_4g10","Gallus gallus (Chicken)",249,"","",""
"84","O76902","PKHF1_DROME","reviewed","Pleckstrin homology domain-containing family F member 1 homolog (PH domain-containing family F member 1 homolog) (Protein rush hour)","rush EG:80H7.5 CG14782","Drosophila melanogaster (Fruit fly)",316,"TISSUE SPECIFICITY: In ovaries, expressed both in the germ line cells and in the overlying somatic follicular epithelium. {ECO:0000269|PubMed:22160599}.","",""
"85","Q8WQI5","RS8_SPOFR","reviewed","40S ribosomal protein S8","RpS8","Spodoptera frugiperda (Fall armyworm)",208,"","",""
"86","Q13188","STK3_HUMAN","reviewed","Serine/threonine-protein kinase 3 (EC 2.7.11.1) (Mammalian STE20-like protein kinase 2) (MST-2) (STE20-like kinase MST2) (Serine/threonine-protein kinase Krs-1) [Cleaved into: Serine/threonine-protein kinase 3 36kDa subunit (MST2/N); Serine/threonine-protein kinase 3 20kDa subunit (MST2/C)]","STK3 KRS1 MST2","Homo sapiens (Human)",491,"TISSUE SPECIFICITY: Expressed at high levels in adult kidney, skeletal and placenta tissues and at very low levels in adult heart, lung and brain tissues. {ECO:0000269|PubMed:8566796}.","INDUCTION: Activity increases during mitosis. {ECO:0000269|PubMed:18328708}.",""
"87","Q9JJ05","C1GLT_RAT","reviewed","Glycoprotein-N-acetylgalactosamine 3-beta-galactosyltransferase 1 (EC 2.4.1.122) (Core 1 O-glycan T-synthase) (Core 1 UDP-galactose:N-acetylgalactosamine-alpha-R beta 1,3-galactosyltransferase 1) (Core 1 beta1,3-galactosyltransferase 1) (C1GalT1) (Core 1 beta3-Gal-T1)","C1galt1","Rattus norvegicus (Rat)",363,"","",""
"88","P58317","ZN121_HUMAN","reviewed","Zinc finger protein 121 (Zinc finger protein 20)","ZNF121 ZNF20","Homo sapiens (Human)",390,"","",""
"89","Q96RT8","GCP5_HUMAN","reviewed","Gamma-tubulin complex component 5 (GCP-5)","TUBGCP5 GCP5 KIAA1899","Homo sapiens (Human)",1024,"TISSUE SPECIFICITY: Widely expressed, with highest levels in heart and skeletal muscle and moderate levels in brain. {ECO:0000269|PubMed:14508708}.","",""
"90","P50430","ARSB_RAT","reviewed","Arylsulfatase B (ASB) (EC 3.1.6.12) (N-acetylgalactosamine-4-sulfatase) (G4S)","Arsb","Rattus norvegicus (Rat)",528,"","",""
"91","Q96MU7","YTDC1_HUMAN","reviewed","YTH domain-containing protein 1 (Splicing factor YT521) (YT521-B)","YTHDC1 KIAA1966 YT521","Homo sapiens (Human)",727,"","",""
"92","Q8R000","OSTA_MOUSE","reviewed","Organic solute transporter subunit alpha (OST-alpha) (Solute carrier family 51 subunit alpha)","Slc51a Osta","Mus musculus (Mouse)",340,"TISSUE SPECIFICITY: Present at high levels in ileum. In ileum, it is restricted to the apical domain on the mature villus enterocytes with little detectable expression in the goblet cells or crypt enterocytes (at protein level). Expressed in kidney but not in heart, brain, liver, spleen, embryo, lung, thymus, ovary nor testis. {ECO:0000269|PubMed:15563450, ECO:0000269|PubMed:16317684}.","INDUCTION: Positively regulated via the bile acid-activated nuclear receptor farnesoid X receptor (NR1H4/FXR). Up-regulated in mice lacking Mrp4, but it is unable to compensate for the absence of Mrp4. {ECO:0000269|PubMed:16357058, ECO:0000269|PubMed:16628672}.",""
"93","Q9BT81","SOX7_HUMAN","reviewed","Transcription factor SOX-7","SOX7","Homo sapiens (Human)",388,"TISSUE SPECIFICITY: Widely expressed in adult and fetal tissues. Present both in mesenchymal and epithelial cells in some adult tissues, including colon. Tends to be down-regulated in prostate adenocarcinomas and colorectal tumors due to promoter hypermethylation. {ECO:0000269|PubMed:11691915, ECO:0000269|PubMed:18819930}.","","DEVELOPMENTAL STAGE: In 8 week-old embryo, expressed in brain, tongue, heart, liver, lung and vertebrae. {ECO:0000269|PubMed:11691915}."
"94","Q9BHM6","OCDH_PECMA","reviewed","Octopine dehydrogenase (OcDH) (EC 1.5.1.11)","odh1","Pecten maximus (King scallop) (Pilgrim's clam)",399,"","",""
"95","A2AVA0","SVEP1_MOUSE","reviewed","Sushi, von Willebrand factor type A, EGF and pentraxin domain-containing protein 1 (Polydom)","Svep1","Mus musculus (Mouse)",3567,"TISSUE SPECIFICITY: Present in stromal osteogenic cells. Expressed at much higher level in stromal osteogenic cells at low density compared to cells grown at higher densities (at protein level). Highly expressed in lung and placenta. Also expressed in bone and periosteum, but not in cartilage and skeletal muscle. Weakly or not expressed in other tissues. {ECO:0000269|PubMed:11062057, ECO:0000269|PubMed:16206243}.","","DEVELOPMENTAL STAGE: Expressed from 11 dpc to 17 dpc in embryos. {ECO:0000269|PubMed:11062057}."
"96","O00399","DCTN6_HUMAN","reviewed","Dynactin subunit 6 (Dynactin subunit p27) (Protein WS-3)","DCTN6 WS3","Homo sapiens (Human)",190,"TISSUE SPECIFICITY: Ubiquitous.","",""
"97","O75382","TRIM3_HUMAN","reviewed","Tripartite motif-containing protein 3 (Brain-expressed RING finger protein) (RING finger protein 22) (RING finger protein 97)","TRIM3 BERP RNF22 RNF97","Homo sapiens (Human)",744,"TISSUE SPECIFICITY: Expressed in brain, heart, uterus and testis.","",""
"98","P16273","PRPX_HORVU","reviewed","Pathogen-related protein","","Hordeum vulgare (Barley)",235,"","INDUCTION: By fungus Bipolaris sorokiniana infection.",""
"99","Q21415","GLR3_CAEEL","reviewed","Glutamate receptor ionotropic, kainate glr-3","glr-3 K10D3.1","Caenorhabditis elegans",836,"TISSUE SPECIFICITY: Expressed in the intestine and in the ASER neuron (PubMed:31474366). Also expressed in the thermosensitive RIA interneuron (PubMed:11222641). {ECO:0000269|PubMed:11222641, ECO:0000269|PubMed:31474366}.","","DEVELOPMENTAL STAGE: During embryogenesis, expressed just before hatching at low levels. {ECO:0000269|PubMed:11222641}."
"100","Q6YHK3","CD109_HUMAN","reviewed","CD109 antigen (150 kDa TGF-beta-1-binding protein) (C3 and PZP-like alpha-2-macroglobulin domain-containing protein 7) (Platelet-specific Gov antigen) (p180) (r150) (CD antigen CD109)","CD109 CPAMD7","Homo sapiens (Human)",1445,"TISSUE SPECIFICITY: Widely expressed with high level in uterus, aorta, heart, lung, trachea, placenta and in fetal heart, kidney, liver, spleen and lung. Expressed by CD34(+) acute myeloid leukemia cell lines, T-cell lines, activated T-lymphoblasts, endothelial cells and activated platelets. Isoform 4 is expressed in placenta. Isoform 1 is expressed in keratinocytes and placenta. {ECO:0000269|PubMed:11861284, ECO:0000269|PubMed:14980714, ECO:0000269|PubMed:16754747}.","",""
"101","C0HL12","AGRB1_RAT","reviewed","Adhesion G protein-coupled receptor B1 (Brain-specific angiogenesis inhibitor 1) [Cleaved into: Vasculostatin-120 (Vstat120); Vasculostatin-40 (Vstat-40)]","Adgrb1 Bai1","Rattus norvegicus (Rat)",1577,"","",""
"102","A2ARV4","LRP2_MOUSE","reviewed","Low-density lipoprotein receptor-related protein 2 (LRP-2) (Glycoprotein 330) (gp330) (Megalin)","Lrp2","Mus musculus (Mouse)",4660,"TISSUE SPECIFICITY: In the inner ear, strongly expressed in the marginal cells of the stria vascularis (at protein level) (PubMed:17846082). In the female reproductive tract, expressed on the luminal side of the uterine epithelium (at protein level) (PubMed:16143106). In the adult brain, expressed in ependymal cells of the lateral ventricles where expression is restricted to the ependyma that faces the stem cell niche (at protein level) (PubMed:20460439). Expressed in neurons throughout the brain including in the hippocampus, limbic cortices and cerebellum (at protein level) (PubMed:20637285). In the developing optic nerve, expressed exclusively in astrocytes at 14.5 dpc, 16.5 dpc and 18.5 dpc (at protein level) (PubMed:22354480). {ECO:0000269|PubMed:16143106, ECO:0000269|PubMed:17846082, ECO:0000269|PubMed:20460439, ECO:0000269|PubMed:20637285, ECO:0000269|PubMed:22354480}.","INDUCTION: Down-regulated in the kidney by cannabinoids, such as endocannabinoid anandamide and synthetic cannabinoid HU-210. {ECO:0000269|PubMed:22841573}.","DEVELOPMENTAL STAGE: In the developing optic nerve, more strongly expressed at 14.5 dpc and 16.5 dpc than at 18.5 dpc (at protein level) (PubMed:22354480). In the embryo, expression is detected from 7.5 dpc on the apical side of the developing neural plate and persists throughout later stages of development (PubMed:22340494). After neural tube closure at 9.5 dpc, becomes progressively restricted to the midline region (PubMed:22340494). During the estrus cycle, expression is highest in metestrus II and diestrus (PubMed:16143106). {ECO:0000269|PubMed:16143106, ECO:0000269|PubMed:22340494, ECO:0000269|PubMed:22354480}."
"103","Q2V2K5","GNRHR_OCTVU","reviewed","Gonadotropin-releasing hormone receptor (GnRH receptor) (GnRH-R) (oct-GnRHR)","GNRHR","Octopus vulgaris (Common octopus)",407,"TISSUE SPECIFICITY: Widely expressed in peripheral nervous tissue, gonadal tissue and brain. In the brain, expression is high in the palliovisceral lobe and superior buccal lobe but low in the subvertical lobe, superior and inferior frontal lobe, posterior brachial lobe and pedal lobe. Expressed in stomach, rectum, aorta, heart, salivary gland, branchia, pancreas, radula retractor muscle, branchial vessel but not in white body, esophagus, liver and kidney. {ECO:0000269|PubMed:16367741}.","",""
"104","Q6GNV7","DIRC2_XENLA","reviewed","Solute carrier family 49 member 4 homolog (Disrupted in renal carcinoma protein 2 homolog)","slc49a4 dirc2","Xenopus laevis (African clawed frog)",456,"","",""
"105","C8BKC7","MYD88_SHEEP","reviewed","Myeloid differentiation primary response protein MyD88","MYD88","Ovis aries (Sheep)",296,"TISSUE SPECIFICITY: Detecetd in mesenteric lymph node, prescapular lymph node, lymphocytes, lung, kidney, skin and urinary bladder. {ECO:0000269|PubMed:17604125}.","",""
"106","Q28EH9","NEMP1_XENTR","reviewed","Nuclear envelope integral membrane protein 1","nemp1 tmem194a TTpA010p19.1","Xenopus tropicalis (Western clawed frog) (Silurana tropicalis)",431,"","",""
"107","E9Q4F2","KLH18_MOUSE","reviewed","Kelch-like protein 18","Klhl18","Mus musculus (Mouse)",574,"TISSUE SPECIFICITY: Predominantly expressed in maturing and mature retinal photoreceptor cells. {ECO:0000269|PubMed:31696965}.","",""
"108","Q7Z442","PK1L2_HUMAN","reviewed","Polycystic kidney disease protein 1-like 2 (PC1-like 2 protein) (Polycystin-1L2)","PKD1L2 KIAA1879 PC1L2","Homo sapiens (Human)",2459,"TISSUE SPECIFICITY: Expressed in all tissues tested including brain, placenta, mammary gland, testis, lung and liver. Highest expression in skeletal muscle. Isoform 2 is expressed in heart and kidney. {ECO:0000269|PubMed:12782129}.","","DEVELOPMENTAL STAGE: Expressed in fetal heart."
"109","Q2EG98","PK1L3_MOUSE","reviewed","Polycystic kidney disease protein 1-like 3 (PC1-like 3 protein) (Polycystin-1L3)","Pkd1l3 71B10","Mus musculus (Mouse)",2201,"TISSUE SPECIFICITY: Expressed in a subset of taste receptor cells distinct from those involved in bitter, sweet and umami taste. Expressed in circumvallate and foliate taste buds, but not in surrounding non-gustatory lingual epithelium cells. Expressed in testis. {ECO:0000269|PubMed:16805797, ECO:0000269|PubMed:16891422, ECO:0000269|PubMed:16929298}.","",""
"110","Q7Z443","PK1L3_HUMAN","reviewed","Polycystic kidney disease protein 1-like 3 (PC1-like 3 protein) (Polycystin-1L3)","PKD1L3","Homo sapiens (Human)",1732,"TISSUE SPECIFICITY: Highly expressed in placenta, weakly in heart and lung. {ECO:0000269|PubMed:12782129}.","",""
"111","Q8BYF6","SC5A8_MOUSE","reviewed","Sodium-coupled monocarboxylate transporter 1 (Electrogenic sodium monocarboxylate cotransporter) (Solute carrier family 5 member 8)","Slc5a8 Smct Smct1","Mus musculus (Mouse)",611,"TISSUE SPECIFICITY: Expressed in brain, colon, kidney and in the ileum and jejunum of small intestine. In the kidney, expression occurred in the proximal tubule and the loop of Henle, being restricted to tubular epithelial cells in both the cortex and the medulla. In the colon, predominantly expressed in the distal half of the large bowel and in the most terminal ileum. Localized selectively in the luminal surface of crypts in the large intestine and to the brush border in the middle parts of crypts in the cecum. In the brain, expression was seen throughout, exclusively in neurons, including the cortex, hippocampus, cerebellum and pituitary gland (at protein level). Expression is reduced in oligodendrogliomas. {ECO:0000269|PubMed:15322102, ECO:0000269|PubMed:15867356, ECO:0000269|PubMed:16805814, ECO:0000269|PubMed:17099289, ECO:0000269|PubMed:17245649}.","",""
"112","Q7M3Y3","TNNI_CHLNI","reviewed","Troponin I (TnI)","","Chlamys nipponensis akazara (Akazara scallop) (Japanese scallop)",292,"","",""
"113","Q9ESN4","C1QL3_MOUSE","reviewed","Complement C1q-like protein 3 (C1q and tumor necrosis factor-related protein 13) (C1q/TNF-related protein 13) (CTRP13) (Gliacolin)","C1ql3 C1ql Ctrp13","Mus musculus (Mouse)",255,"TISSUE SPECIFICITY: Highly expressed in brain and white adipose tissue. In gonadal fat pad, expressed at lower levels in adipocytes than in the stromal vascular fraction (VSP), which contains preadipocytes, fibroblasts, endothelial cells and occasional immune cells. Expression exhibits sexually dimorphism, with higher levels in females than in males (at protein level). Tends to be up-regulated in adipose tissue from obese males, but not females. Expressed in glial cells. {ECO:0000269|PubMed:21378161}.","INDUCTION: In adipocytes, up-regulated by rosiglitazone, an insulin-sensitizing drug. {ECO:0000269|PubMed:21378161}.",""
"114","O75376","NCOR1_HUMAN","reviewed","Nuclear receptor corepressor 1 (N-CoR) (N-CoR1)","NCOR1 KIAA1047","Homo sapiens (Human)",2440,"","",""
"115","Q60974","NCOR1_MOUSE","reviewed","Nuclear receptor corepressor 1 (N-CoR) (N-CoR1) (Retinoid X receptor-interacting protein 13) (RIP13)","Ncor1 Rxrip13","Mus musculus (Mouse)",2453,"TISSUE SPECIFICITY: Ubiquitous.","",""
"116","Q4KKX4","NCOR1_XENTR","reviewed","Nuclear receptor corepressor 1 (N-CoR) (N-CoR1) (xN-CoR)","ncor1","Xenopus tropicalis (Western clawed frog) (Silurana tropicalis)",2494,"","",""
"117","Q8QG78","NCOR1_XENLA","reviewed","Nuclear receptor corepressor 1 (N-CoR) (N-CoR1) (xN-CoR)","ncor1","Xenopus laevis (African clawed frog)",2498,"","INDUCTION: By thyroid hormone in the developing intestine and tail. {ECO:0000269|PubMed:12446772}.","DEVELOPMENTAL STAGE: Expressed in the developing intestine both prior to and during remodeling (stages NF54 to NF66). Also expressed at high levels in the tail during tail regression (stages NF62 and NF64) and in the hindlimbs during hindlimb morphogenesis (stage NF56). {ECO:0000269|PubMed:12446772, ECO:0000269|PubMed:15060155}."
"118","Q9Y618","NCOR2_HUMAN","reviewed","Nuclear receptor corepressor 2 (N-CoR2) (CTG repeat protein 26) (SMAP270) (Silencing mediator of retinoic acid and thyroid hormone receptor) (SMRT) (T3 receptor-associating factor) (TRAC) (Thyroid-, retinoic-acid-receptor-associated corepressor)","NCOR2 CTG26","Homo sapiens (Human)",2514,"TISSUE SPECIFICITY: Ubiquitous. High levels of expression are detected in lung, spleen and brain.","INDUCTION: Regulated during cell cycle progression.",""
"119","O77622","TCPZ_RABIT","reviewed","T-complex protein 1 subunit zeta (TCP-1-zeta) (CCT-zeta)","CCT6","Oryctolagus cuniculus (Rabbit)",531,"","",""
"120","P80317","TCPZ_MOUSE","reviewed","T-complex protein 1 subunit zeta (TCP-1-zeta) (CCT-zeta-1)","Cct6a Cct6 Cctz Cctz1","Mus musculus (Mouse)",531,"TISSUE SPECIFICITY: Expressed in all tissues examined.","",""
"121","P40227","TCPZ_HUMAN","reviewed","T-complex protein 1 subunit zeta (TCP-1-zeta) (Acute morphine dependence-related protein 2) (CCT-zeta-1) (HTR3) (Tcp20)","CCT6A CCT6 CCTZ","Homo sapiens (Human)",531,"","",""
"122","Q3MHL7","TCPZ_BOVIN","reviewed","T-complex protein 1 subunit zeta (TCP-1-zeta) (CCT-zeta) (CCT-zeta-1)","CCT6A","Bos taurus (Bovine)",531,"","",""
"123","Q5RCD2","TCPZ_PONAB","reviewed","T-complex protein 1 subunit zeta (TCP-1-zeta) (CCT-zeta)","CCT6","Pongo abelii (Sumatran orangutan) (Pongo pygmaeus abelii)",531,"","",""
"124","P16435","NCPR_HUMAN","reviewed","NADPH--cytochrome P450 reductase (CPR) (P450R) (EC 1.6.2.4)","POR CYPOR","Homo sapiens (Human)",677,"","",""
"125","Q3SYT8","NCPR_BOVIN","reviewed","NADPH--cytochrome P450 reductase (CPR) (P450R) (EC 1.6.2.4)","POR","Bos taurus (Bovine)",678,"","",""
"126","P04175","NCPR_PIG","reviewed","NADPH--cytochrome P450 reductase (CPR) (P450R) (EC 1.6.2.4)","POR","Sus scrofa (Pig)",678,"","",""
"127","P00389","NCPR_RABIT","reviewed","NADPH--cytochrome P450 reductase (CPR) (P450R) (EC 1.6.2.4)","POR","Oryctolagus cuniculus (Rabbit)",679,"","",""
"128","P37039","NCPR_CAVPO","reviewed","NADPH--cytochrome P450 reductase (CPR) (P450R) (EC 1.6.2.4)","Por","Cavia porcellus (Guinea pig)",678,"","",""
"129","Q58DH2","PISD_BOVIN","reviewed","Phosphatidylserine decarboxylase proenzyme, mitochondrial (EC 4.1.1.65) [Cleaved into: Phosphatidylserine decarboxylase beta chain; Phosphatidylserine decarboxylase alpha chain]","PISD","Bos taurus (Bovine)",416,"","",""
"130","P27465","PISD_CRIGR","reviewed","Phosphatidylserine decarboxylase proenzyme, mitochondrial (EC 4.1.1.65) [Cleaved into: Phosphatidylserine decarboxylase beta chain; Phosphatidylserine decarboxylase alpha chain]","Pisd PSSC","Cricetulus griseus (Chinese hamster) (Cricetulus barabensis griseus)",409,"","",""
"131","Q5R8I8","PISD_PONAB","reviewed","Phosphatidylserine decarboxylase proenzyme, mitochondrial (EC 4.1.1.65) [Cleaved into: Phosphatidylserine decarboxylase beta chain; Phosphatidylserine decarboxylase alpha chain]","PISD","Pongo abelii (Sumatran orangutan) (Pongo pygmaeus abelii)",409,"","",""
"132","Q9UG56","PISD_HUMAN","reviewed","Phosphatidylserine decarboxylase proenzyme, mitochondrial (EC 4.1.1.65) [Cleaved into: Phosphatidylserine decarboxylase beta chain; Phosphatidylserine decarboxylase alpha chain]","PISD","Homo sapiens (Human)",409,"","",""
"133","Q8BSF4","PISD_MOUSE","reviewed","Phosphatidylserine decarboxylase proenzyme, mitochondrial (EC 4.1.1.65) [Cleaved into: Phosphatidylserine decarboxylase beta chain; Phosphatidylserine decarboxylase alpha chain]","Pisd","Mus musculus (Mouse)",406,"TISSUE SPECIFICITY: Widely expressed, with highest levels in testis, including Sertoli cells, followed by liver. {ECO:0000269|PubMed:16192276}.","","DEVELOPMENTAL STAGE: Expressed during development in tissues rich in mitochondria, such as heart. In liver, low expression level observed in embryos and newborn animals increases 10-fold in adult. {ECO:0000269|PubMed:16192276}."
"134","Q5REG1","SART3_PONAB","reviewed","Squamous cell carcinoma antigen recognized by T-cells 3 (SART-3)","SART3","Pongo abelii (Sumatran orangutan) (Pongo pygmaeus abelii)",981,"","",""
"135","B3DJT0","SART3_DANRE","reviewed","Squamous cell carcinoma antigen recognized by T-cells 3 (SART-3)","sart3 egy si:ch211-191d15.4 wu:fc51h03","Danio rerio (Zebrafish) (Brachydanio rerio)",951,"","",""
"136","Q15020","SART3_HUMAN","reviewed","Squamous cell carcinoma antigen recognized by T-cells 3 (SART-3) (Tat-interacting protein of 110 kDa) (Tip110) (p110 nuclear RNA-binding protein)","SART3 KIAA0156 TIP110","Homo sapiens (Human)",963,"TISSUE SPECIFICITY: Ubiquitously expressed. {ECO:0000269|PubMed:11959860}.","",""
"137","Q9JLI8","SART3_MOUSE","reviewed","Squamous cell carcinoma antigen recognized by T-cells 3 (SART-3) (mSART-3) (Tumor-rejection antigen SART3)","Sart3 Kiaa0156","Mus musculus (Mouse)",962,"TISSUE SPECIFICITY: Ubiquitously expressed, with low level of expression in liver, heart and skeletal (PubMed:10761712). Also detected in hematopoietic cells (at protein level) (PubMed:21447833). {ECO:0000269|PubMed:10761712, ECO:0000269|PubMed:21447833}.","INDUCTION: Up-regulated in proliferating hematopoietic cells. {ECO:0000269|PubMed:21447833}.","DEVELOPMENTAL STAGE: Expressed from early prenatal stages, as early as 7 dpc and increased thereafter. {ECO:0000269|PubMed:10761712}."
"138","Q17430","SART3_CAEEL","reviewed","Nuclear RNA-binding protein sart-3 (U4/U6 snRNA-associated-splicing factor)","sart-3 B0035.12","Caenorhabditis elegans",836,"TISSUE SPECIFICITY: Ubiquitously expressed. {ECO:0000269|PubMed:25753661}.","","DEVELOPMENTAL STAGE: Expressed in embryos, larvae and adults. {ECO:0000269|PubMed:25753661}."
"139","P22105","TENX_HUMAN","reviewed","Tenascin-X (TN-X) (Hexabrachion-like protein)","TNXB HXBL TNX TNXB1 TNXB2 XB","Homo sapiens (Human)",4244,"TISSUE SPECIFICITY: Highly expressed in fetal adrenal, in fetal testis, fetal smooth, striated and cardiac muscle. Isoform XB-short is only expressed in the adrenal gland.","","DEVELOPMENTAL STAGE: Expression levels are lower in adults than in children. {ECO:0000269|PubMed:17263730}."
"140","O88281","MEGF6_RAT","reviewed","Multiple epidermal growth factor-like domains protein 6 (Multiple EGF-like domains protein 6) (Epidermal growth factor-like protein 3) (EGF-like protein 3)","Megf6 Egfl3","Rattus norvegicus (Rat)",1574,"TISSUE SPECIFICITY: Expressed in lung. {ECO:0000269|PubMed:9693030}.","",""
"141","Q80V70","MEGF6_MOUSE","reviewed","Multiple epidermal growth factor-like domains protein 6 (Multiple EGF-like domains protein 6) (Epidermal growth factor-like protein 3) (EGF-like protein 3)","Megf6 Egfl3","Mus musculus (Mouse)",1572,"","",""
"142","O75095","MEGF6_HUMAN","reviewed","Multiple epidermal growth factor-like domains protein 6 (Multiple EGF-like domains protein 6) (Epidermal growth factor-like protein 3) (EGF-like protein 3)","MEGF6 EGFL3 KIAA0815","Homo sapiens (Human)",1541,"","",""
"143","Q9W0A0","DRPR_DROME","reviewed","Protein draper","drpr Megf10 CG2086","Drosophila melanogaster (Fruit fly)",1031,"TISSUE SPECIFICITY: Expressed in adult head (at protein level) (PubMed:22426252). Expressed in glia, macrophages and ectoderm (at protein level) (PubMed:18455990). Detected in glia around the mushroom body dorsal lobe and in glial processes infiltrating the medial lobe (at protein level) (PubMed:16772168). Expressed in adult brain glia including antennal lobe glia (at protein level) (PubMed:16772169). Expressed in the larval fat body (at protein level) (PubMed:20577216). Expressed in the ovary (at protein level) (PubMed:22992958). Isoform B: Predominant isoform in adult glia (PubMed:22426252). {ECO:0000269|PubMed:16772168, ECO:0000269|PubMed:16772169, ECO:0000269|PubMed:18455990, ECO:0000269|PubMed:20577216, ECO:0000269|PubMed:22426252, ECO:0000269|PubMed:22992958}.","INDUCTION: By axon injury which results in up-regulation on severed axons with levels reaching a peak between 12 and 24 hours after injury (at protein level) (PubMed:16772169). By ecdysone (PubMed:16772168). {ECO:0000269|PubMed:16772168, ECO:0000269|PubMed:16772169}.","DEVELOPMENTAL STAGE: In glial cells around the mushroom body dorsal lobe, expression is weak in wandering larvae and pupae at 12 hours after puparium formation (APF) and is elevated in pupae at 6 hours APF (PubMed:16772168). In naive stage 11 macrophages, expressed at low levels with increased levels seen following apoptotic cell corpse uptake and a further increase observed by stage 15 (PubMed:27212238). Isoform A: Selectively expressed in adults (PubMed:22426252). {ECO:0000269|PubMed:16772168, ECO:0000269|PubMed:22426252, ECO:0000269|PubMed:27212238}."
"144","F1M391","STING_RAT","reviewed","Stimulator of interferon genes protein (rSTING) (Transmembrane protein 173)","Sting1 Tmem173","Rattus norvegicus (Rat)",379,"","",""
"145","Q3TBT3","STING_MOUSE","reviewed","Stimulator of interferon genes protein (mSTING) (Endoplasmic reticulum interferon stimulator) (ERIS) (Mediator of IRF3 activation) (MMITA) (Transmembrane protein 173)","Sting1 Eris Mita Mpys Tmem173","Mus musculus (Mouse)",378,"TISSUE SPECIFICITY: Present in spleen and thymus tissue. Also present in dendritic cells (at protein level). {ECO:0000269|PubMed:18559423}.","","DEVELOPMENTAL STAGE: Expressed throughout the B-cell lineage prior to the plasma cell stage but occurs at highest levels in mature B-cells. Highly expressed in cells representing mature stages of B-cells but weakly expressed in pre-B cells, immature B-cells, and memory B-cell stages. Not detected in plasma cells. {ECO:0000269|PubMed:18559423}."
"146","Q5RAP9","AT5G2_PONAB","reviewed","ATP synthase F(0) complex subunit C2, mitochondrial (ATP synthase lipid-binding protein) (ATP synthase membrane subunit c locus 2) (ATP synthase proteolipid P2) (ATPase protein 9) (ATPase subunit c)","ATP5MC2 ATP5G2","Pongo abelii (Sumatran orangutan) (Pongo pygmaeus abelii)",141,"","",""
"147","Q9U505","AT5G_MANSE","reviewed","ATP synthase lipid-binding protein, mitochondrial (ATPase protein 9) (ATPase subunit c)","","Manduca sexta (Tobacco hawkmoth) (Tobacco hornworm)",131,"","",""
"148","P56383","AT5G2_MOUSE","reviewed","ATP synthase F(0) complex subunit C2, mitochondrial (ATP synthase lipid-binding protein) (ATP synthase membrane subunit c locus 2) (ATP synthase proteolipid P2) (ATPase protein 9) (ATPase subunit c)","Atp5mc2 Atp5g2","Mus musculus (Mouse)",146,"","",""
"149","Q06055","AT5G2_HUMAN","reviewed","ATP synthase F(0) complex subunit C2, mitochondrial (ATP synthase lipid-binding protein) (ATP synthase membrane subunit c locus 2) (ATP synthase proteolipid P2) (ATP synthase proton-transporting mitochondrial F(0) complex subunit C2) (ATPase protein 9) (ATPase subunit c)","ATP5MC2 ATP5G2 PSEC0033","Homo sapiens (Human)",141,"","",""
"150","P07926","AT5G2_BOVIN","reviewed","ATP synthase F(0) complex subunit C2, mitochondrial (ATP synthase lipid-binding protein) (ATP synthase membrane subunit c locus 2) (ATP synthase proteolipid P2) (ATPase protein 9) (ATPase subunit c)","ATP5MC2 ATP5G2","Bos taurus (Bovine)",143,"","",""
"151","Q9Y2G3","AT11B_HUMAN","reviewed","Probable phospholipid-transporting ATPase IF (EC 7.6.2.1) (ATPase IR) (ATPase class VI type 11B) (P4-ATPase flippase complex alpha subunit ATP11B)","ATP11B ATPIF ATPIR KIAA0956","Homo sapiens (Human)",1177,"","",""
"152","Q9N0Z4","AT11B_RABIT","reviewed","Probable phospholipid-transporting ATPase IF (EC 7.6.2.1) (ATPase IR) (ATPase class VI type 11B) (P4-ATPase flippase complex alpha subunit ATP11B) (RING finger-binding protein) (Fragment)","ATP11B","Oryctolagus cuniculus (Rabbit)",1169,"TISSUE SPECIFICITY: Isoform 2 is ubiquitously expressed.","",""
"153","P98196","AT11A_HUMAN","reviewed","Probable phospholipid-transporting ATPase IH (EC 7.6.2.1) (ATPase IS) (ATPase class VI type 11A) (P4-ATPase flippase complex alpha subunit ATP11A)","ATP11A ATPIH ATPIS KIAA1021","Homo sapiens (Human)",1134,"","",""
"154","P98197","AT11A_MOUSE","reviewed","Probable phospholipid-transporting ATPase IH (EC 7.6.2.1) (ATPase IS) (ATPase class VI type 11A) (P4-ATPase flippase complex alpha subunit ATP11A)","Atp11a","Mus musculus (Mouse)",1187,"TISSUE SPECIFICITY: Found in heart, muscle, liver and brain. Most abundant in heart. Also detected in fetal tissues.","",""
"155","Q8NB49","AT11C_HUMAN","reviewed","Phospholipid-transporting ATPase IG (EC 7.6.2.1) (ATPase IQ) (ATPase class VI type 11C) (P4-ATPase flippase complex alpha subunit ATP11C)","ATP11C ATPIG ATPIQ","Homo sapiens (Human)",1132,"TISSUE SPECIFICITY: Widely expressed. {ECO:0000269|PubMed:15533723}.","",""
"156","O95714","HERC2_HUMAN","reviewed","E3 ubiquitin-protein ligase HERC2 (EC 2.3.2.26) (HECT domain and RCC1-like domain-containing protein 2) (HECT-type E3 ubiquitin transferase HERC2)","HERC2","Homo sapiens (Human)",4834,"","",""
"157","Q4U2R1","HERC2_MOUSE","reviewed","E3 ubiquitin-protein ligase HERC2 (EC 2.3.2.26) (HECT domain and RCC1-like domain-containing protein 2) (HECT-type E3 ubiquitin transferase HERC2)","Herc2 Jdf2 Kiaa0393 Rjs","Mus musculus (Mouse)",4836,"TISSUE SPECIFICITY: Highest levels are found in brain and testis with lower levels in heart, lung, liver, skeletal muscle and kidney. Little expression detected in spleen. {ECO:0000269|PubMed:9689098}.","",""
"158","Q9VR91","HERC2_DROME","reviewed","Probable E3 ubiquitin-protein ligase HERC2 (EC 2.3.2.26) (HECT domain and RCC1-like domain-containing protein 2) (HECT-type E3 ubiquitin transferase HERC2)","HERC2 CG11734","Drosophila melanogaster (Fruit fly)",4912,"","",""
"159","P28494","MA2A1_RAT","reviewed","Alpha-mannosidase 2 (EC 3.2.1.114) (Golgi alpha-mannosidase II) (AMan II) (Man II) (Mannosidase alpha class 2A member 1) (Mannosyl-oligosaccharide 1,3-1,6-alpha-mannosidase)","Man2a1 Mana2","Rattus norvegicus (Rat)",1148,"TISSUE SPECIFICITY: Liver. {ECO:0000269|PubMed:1885615, ECO:0000269|PubMed:2748583}.","",""
"160","P27046","MA2A1_MOUSE","reviewed","Alpha-mannosidase 2 (EC 3.2.1.114) (Golgi alpha-mannosidase II) (AMan II) (Man II) (Mannosidase alpha class 2A member 1) (Mannosyl-oligosaccharide 1,3-1,6-alpha-mannosidase)","Man2a1 Mana2","Mus musculus (Mouse)",1150,"TISSUE SPECIFICITY: All tissues, mostly in adrenal and thymus.","",""
"161","Q16706","MA2A1_HUMAN","reviewed","Alpha-mannosidase 2 (EC 3.2.1.114) (Golgi alpha-mannosidase II) (AMan II) (Man II) (Mannosidase alpha class 2A member 1) (Mannosyl-oligosaccharide 1,3-1,6-alpha-mannosidase)","MAN2A1 MANA2","Homo sapiens (Human)",1144,"","",""
"162","P49641","MA2A2_HUMAN","reviewed","Alpha-mannosidase 2x (EC 3.2.1.114) (Alpha-mannosidase IIx) (Man IIx) (Mannosidase alpha class 2A member 2) (Mannosyl-oligosaccharide 1,3-1,6-alpha-mannosidase)","MAN2A2 MANA2X","Homo sapiens (Human)",1150,"","",""
"163","Q8BRK9","MA2A2_MOUSE","reviewed","Alpha-mannosidase 2x (EC 3.2.1.114) (Alpha-mannosidase IIx) (Man IIx) (Mannosidase alpha class 2A member 2) (Mannosyl-oligosaccharide 1,3-1,6-alpha-mannosidase)","Man2a2 Mana2x","Mus musculus (Mouse)",1152,"","",""
"164","P54278","PMS2_HUMAN","reviewed","Mismatch repair endonuclease PMS2 (EC 3.1.-.-) (DNA mismatch repair protein PMS2) (PMS1 protein homolog 2)","PMS2 PMSL2","Homo sapiens (Human)",862,"","",""
"165","F1NQJ3","PMS2_CHICK","reviewed","Mismatch repair endonuclease PMS2 (EC 3.1.-.-) (DNA mismatch repair protein PMS2) (PMS1 protein homolog 2)","PMS2","Gallus gallus (Chicken)",869,"","",""
"166","P54279","PMS2_MOUSE","reviewed","Mismatch repair endonuclease PMS2 (EC 3.1.-.-) (DNA mismatch repair protein PMS2) (PMS1 protein homolog 2)","Pms2","Mus musculus (Mouse)",859,"","",""
"167","Q941I6","PMS1_ARATH","reviewed","DNA mismatch repair protein PMS1 (Postmeiotic segregation protein 1) (Protein POSTMEIOTIC SEGREGATION 1)","PMS1 At4g02460 T14P8.6","Arabidopsis thaliana (Mouse-ear cress)",923,"TISSUE SPECIFICITY: Expressed at very low levels in mature leaves. Detected in rapidly dividing tissues. {ECO:0000269|PubMed:20571910, ECO:0000269|Ref.1}.","",""
"168","Q54QA0","PMS1_DICDI","reviewed","Mismatch repair endonuclease pms1","pms1 DDB_G0283981","Dictyostelium discoideum (Slime mold)",1022,"","",""
"169","H9BW96","RAB7_EPICO","reviewed","Ras-related protein rab7","rab7","Epinephelus coioides (Orange-spotted grouper) (Epinephelus nebulosus)",207,"TISSUE SPECIFICITY: Ubiquitously expressed. Expressed in liver, spleen, kidney, brain, intestine, heart, skin, muscle, gill and stomach. {ECO:0000269|PubMed:24161772}.","INDUCTION: (Microbial infection) Down-regulated at 6 hours post infection, and then up-regulated until 48 hours post infection in spleen cells in response to Singapore grouper iridovirus (SGIV) infection. {ECO:0000269|PubMed:24161772}.",""
"170","Q3T0F5","RAB7A_BOVIN","reviewed","Ras-related protein Rab-7a","RAB7A RAB7","Bos taurus (Bovine)",207,"","",""
"171","P09527","RAB7A_RAT","reviewed","Ras-related protein Rab-7a (Ras-related protein BRL-RAS) (Ras-related protein p23)","Rab7a Rab7","Rattus norvegicus (Rat)",207,"TISSUE SPECIFICITY: Expressed in osteoclasts and in neurons. {ECO:0000269|PubMed:16040606, ECO:0000269|PubMed:16306406}.","",""
"172","P51150","RAB7A_MOUSE","reviewed","Ras-related protein Rab-7a","Rab7a Rab7","Mus musculus (Mouse)",207,"TISSUE SPECIFICITY: Widely expressed. High expression in liver, heart and kidney. Found in sensory and motor neurons. {ECO:0000269|PubMed:12545426}.","","DEVELOPMENTAL STAGE: Expressed in the dorsal root ganglia and the sciatic nerve at 13.5 dpc (at protein level). {ECO:0000269|PubMed:23179371}."
"173","P51149","RAB7A_HUMAN","reviewed","Ras-related protein Rab-7a","RAB7A RAB7","Homo sapiens (Human)",207,"TISSUE SPECIFICITY: Widely expressed; high expression found in skeletal muscle. {ECO:0000269|PubMed:12545426}.","",""
"174","Q5D013","EFMT2_DANRE","reviewed","EEF1A lysine methyltransferase 2 (EC 2.1.1.-) (Methyltransferase-like protein 10) (Protein-lysine N-methyltransferase mettl10)","eef1akmt2 mettl10 zgc:110805","Danio rerio (Zebrafish) (Brachydanio rerio)",233,"","",""
"175","Q9D853","EFMT2_MOUSE","reviewed","EEF1A lysine methyltransferase 2 (EC 2.1.1.-) (Methyltransferase-like protein 10) (Protein-lysine N-methyltransferase Mettl10)","Eef1akmt2 Mettl10","Mus musculus (Mouse)",244,"","",""
"176","Q5JPI9","EFMT2_HUMAN","reviewed","EEF1A lysine methyltransferase 2 (EC 2.1.1.-) (Methyltransferase-like protein 10) (Protein-lysine N-methyltransferase METTL10)","EEF1AKMT2 C10orf138 METTL10","Homo sapiens (Human)",291,"","",""
"177","Q9P7Z3","EFM4_SCHPO","reviewed","Protein-lysine N-methyltransferase efm4 (EC 2.1.1.-) (Elongation factor methyltransferase 4) (Secretion and early endocytosis protein 1 homolog)","see1 efm4 SPBC839.14c","Schizosaccharomyces pombe (strain 972 / ATCC 24843) (Fission yeast)",238,"","",""
"178","P40516","EFM4_YEAST","reviewed","Protein-lysine N-methyltransferase EFM4 (EC 2.1.1.-) (Elongation factor methyltransferase 4) (Secretion and early endocytosis protein 1)","EFM4 SEE1 YIL064W","Saccharomyces cerevisiae (strain ATCC 204508 / S288c) (Baker's yeast)",257,"","",""
"179","Q9NZB2","F120A_HUMAN","reviewed","Constitutive coactivator of PPAR-gamma-like protein 1 (Oxidative stress-associated Src activator) (Protein FAM120A)","FAM120A C9orf10 KIAA0183 OSSA","Homo sapiens (Human)",1118,"TISSUE SPECIFICITY: Ubiquitously expressed. Highly expressed in scirrhous-type gastric cancer tissues compared with normal gastric mucosa (at protein level). {ECO:0000269|PubMed:14585507, ECO:0000269|PubMed:19015244}.","",""
"180","A6H7H1","F120A_BOVIN","reviewed","Constitutive coactivator of PPAR-gamma-like protein 1 (Oxidative stress-associated Src activator) (Protein FAM120A)","FAM120A OSSA","Bos taurus (Bovine)",1114,"","",""
"181","Q9NX05","F120C_HUMAN","reviewed","Constitutive coactivator of PPAR-gamma-like protein 2 (Protein FAM120C) (Tumor antigen BJ-HCC-21)","FAM120C CXorf17","Homo sapiens (Human)",1096,"TISSUE SPECIFICITY: Expressed at low levels in a number of tissues. {ECO:0000269|PubMed:14585507}.","",""
"182","Q8C3F2","F120C_MOUSE","reviewed","Constitutive coactivator of PPAR-gamma-like protein 2 (Protein FAM120C)","Fam120c ORF34","Mus musculus (Mouse)",1091,"","",""
"183","Q6DEZ2","F120A_XENTR","reviewed","Constitutive coactivator of PPAR-gamma-like protein 1 homolog (Protein FAM120A)","fam120a","Xenopus tropicalis (Western clawed frog) (Silurana tropicalis)",1043,"","",""
"184","Q31125","S39A7_MOUSE","reviewed","Zinc transporter SLC39A7 (Histidine-rich membrane protein Ke4) (Solute carrier family 39 member 7) (Zrt-, Irt-like protein 7) (ZIP7)","Slc39a7 H2-Ke4 Hke4","Mus musculus (Mouse)",476,"TISSUE SPECIFICITY: Widely expressed. {ECO:0000269|PubMed:15705588, ECO:0000269|PubMed:2294398}.","",""
"185","Q92504","S39A7_HUMAN","reviewed","Zinc transporter SLC39A7 (Histidine-rich membrane protein Ke4) (Really interesting new gene 5 protein) (Solute carrier family 39 member 7) (Zrt-, Irt-like protein 7) (ZIP7)","SLC39A7 HKE4 RING5","Homo sapiens (Human)",469,"TISSUE SPECIFICITY: Widely expressed. {ECO:0000269|PubMed:14525538, ECO:0000269|PubMed:15705588}.","INDUCTION: Down-regulated by Zn(+2). {ECO:0000269|PubMed:15705588}.",""
"186","Q9V3A4","CSUP_DROME","reviewed","Protein catecholamines up","Catsup CG10449","Drosophila melanogaster (Fruit fly)",449,"","",""
"187","A8X482","ZPT72_CAEBR","reviewed","Zinc transporter zipt-7.2 (Histidine-rich membrane protein KE4 homolog 2)","zipt-7.2 hke-4.2 CBG07716","Caenorhabditis briggsae",476,"","",""
"188","Q9XTQ7","ZPT72_CAEEL","reviewed","Zinc transporter zipt-7.2 (Histidine-rich membrane protein KE4 homolog 2)","zipt-7.2 hke-4.2 H13N06.5","Caenorhabditis elegans",462,"TISSUE SPECIFICITY: Expressed in somatic tissues. {ECO:0000269|PubMed:29879108}.","",""
"189","Q01973","ROR1_HUMAN","reviewed","Inactive tyrosine-protein kinase transmembrane receptor ROR1 (Neurotrophic tyrosine kinase, receptor-related 1)","ROR1 NTRKR1","Homo sapiens (Human)",937,"TISSUE SPECIFICITY: Expressed strongly in human heart, lung and kidney, but weakly in the CNS. Isoform Short is strongly expressed in fetal and adult CNS and in a variety of human cancers, including those originating from CNS or PNS neuroectoderm.","","DEVELOPMENTAL STAGE: Expressed at high levels during early embryonic development. The expression levels drop strongly around day 16 and there are only very low levels in adult tissues."
"190","Q9Z139","ROR1_MOUSE","reviewed","Inactive tyrosine-protein kinase transmembrane receptor ROR1 (mROR1) (Neurotrophic tyrosine kinase, receptor-related 1)","Ror1 Ntrkr1","Mus musculus (Mouse)",937,"TISSUE SPECIFICITY: At postnatal P0, expressed in heart, lung, liver, kidney, spleen and inner ear. {ECO:0000269|PubMed:27162350}.","","DEVELOPMENTAL STAGE: At postnatal P0, expressed in heart, lung, liver, kidney, spleen and inner ear (PubMed:27162350). In the inner ear, at 14.5 dpc, detected in spiral ganglia, the cochlear epithelium and the vesitbule. At 17.5 dpc, expression increases in spiral ganglion neurons axon terminals adjacent to auditory hair cells. In the differentiating cochlear epithelium, the expression is intense in the stria vascularis. By P0, expression in the stria vascularis is weakened (PubMed:27162350). {ECO:0000269|PubMed:27162350}."
"191","Q9Z138","ROR2_MOUSE","reviewed","Tyrosine-protein kinase transmembrane receptor ROR2 (mROR2) (EC 2.7.10.1) (Neurotrophic tyrosine kinase, receptor-related 2)","Ror2","Mus musculus (Mouse)",944,"","","DEVELOPMENTAL STAGE: From 9.5 to 11.5 dpc, expressed in the branchial arches, otic vesicle, limb buds, somites, craniofacial mesenchyme and tail buds. At 14.5 dpc, expressed in the developing tongue, nasal cavity, palate, adrenal gland, in the forebrain, dorsal root ganglia and in the somites. At 14.5 dpc, also detected in lung, rib cartilage, kidney and intestine (at protein level). {ECO:0000269|PubMed:19785987}."
"192","Q01974","ROR2_HUMAN","reviewed","Tyrosine-protein kinase transmembrane receptor ROR2 (EC 2.7.10.1) (Neurotrophic tyrosine kinase, receptor-related 2)","ROR2 NTRKR2","Homo sapiens (Human)",943,"","","DEVELOPMENTAL STAGE: Expressed at high levels during early embryonic development. The expression levels drop strongly around day 16 and there are only very low levels in adult tissues."
"193","Q24488","ROR1_DROME","reviewed","Tyrosine-protein kinase transmembrane receptor Ror (dRor) (EC 2.7.10.1)","Ror CG4926","Drosophila melanogaster (Fruit fly)",685,"TISSUE SPECIFICITY: Expressed in neurons of the developing nervous system. {ECO:0000269|PubMed:8394009}.","",""
"194","Q562C7","PUM3_RAT","reviewed","Pumilio homolog 3","Pum3","Rattus norvegicus (Rat)",647,"","",""
"195","X1WGX5","PUM3_DANRE","reviewed","Pumilio homolog 3","pum3 puf-a","Danio rerio (Zebrafish) (Brachydanio rerio)",629,"TISSUE SPECIFICITY: In adult, expressed at high levels in eye and ovary and at lower levels in brain, testis and head kidney. In the adult ovary, prominently expressed in early immature follicles. {ECO:0000269|PubMed:19319195}.","","DEVELOPMENTAL STAGE: Expressed throughout embryogenesis. In the adult ovary, strong expression detected in primitive stage I ovarian follicles with levels declining sharply and becoming negligible in subsequent stages of oocyte development. {ECO:0000269|PubMed:19319195}."
"196","Q15397","PUM3_HUMAN","reviewed","Pumilio homolog 3 (HBV X-transactivated gene 5 protein) (HBV XAg-transactivated protein 5) (Minor histocompatibility antigen HA-8) (HLA-HA8)","PUM3 cPERP-C KIAA0020 PUF-A XTP5","Homo sapiens (Human)",648,"TISSUE SPECIFICITY: Widely expressed. {ECO:0000269|PubMed:7584026}.","",""
"197","Q8BKS9","PUM3_MOUSE","reviewed","Pumilio homolog 3","Pum3 D19Bwg1357e Kiaa0020","Mus musculus (Mouse)",647,"TISSUE SPECIFICITY: In the adult eye, expressed primarily in retinal ganglion cells and, to a lesser extent, in the pigmented cells. {ECO:0000269|PubMed:19319195}.","",""
"198","Q09622","PUF12_CAEEL","reviewed","Pumilio domain-containing protein 12","puf-12 ZK945.3","Caenorhabditis elegans",766,"","",""
